{
    "$schema": "http://schema.management.azure.com/schemas/2015-01-01/deploymentTemplate.json#",
    "contentVersion": "1.0.0.0",
    "parameters": {
        "location": {
            "type": "string"
        },
        "storageAccountName": {
            "type": "string"
        },
        "accountType": {
            "type": "string"
        },
        "kind": {
            "type": "string"
        },
        "accessTier": {
            "type": "string"
        },
        "minimumTlsVersion": {
            "type": "string"
        },
        "supportsHttpsTrafficOnly": {
            "type": "bool"
        },
        "allowBlobPublicAccess": {
            "type": "bool"
        },
        "allowSharedKeyAccess": {
            "type": "bool"
        },
        "allowCrossTenantReplication": {
            "type": "bool"
        },
        "defaultOAuth": {
            "type": "bool"
        },
        "networkAclsBypass": {
            "type": "string"
        },
        "networkAclsDefaultAction": {
            "type": "string"
        },
        "isHnsEnabled": {
            "type": "bool"
        },
        "isSftpEnabled": {
            "type": "bool"
        },
        "keySource": {
            "type": "string"
        },
        "encryptionEnabled": {
            "type": "bool"
        },
        "keyTypeForTableAndQueueEncryption": {
            "type": "string"
        },
        "infrastructureEncryptionEnabled": {
            "type": "bool"
        },
        "isBlobSoftDeleteEnabled": {
            "type": "bool"
        },
        "blobSoftDeleteRetentionDays": {
            "type": "int"
        },
        "isContainerSoftDeleteEnabled": {
            "type": "bool"
        },
        "containerSoftDeleteRetentionDays": {
            "type": "int"
        },
        "isShareSoftDeleteEnabled": {
            "type": "bool"
        },
        "shareSoftDeleteRetentionDays": {
            "type": "int"
        }
    },
    "variables": {},
    "resources": [
        {
            "name": "[parameters('storageAccountName')]",
            "type": "Microsoft.Storage/storageAccounts",
            "apiVersion": "2021-08-01",
            "location": "[parameters('location')]",
            "properties": {
                "accessTier": "[parameters('accessTier')]",
                "minimumTlsVersion": "[parameters('minimumTlsVersion')]",
                "supportsHttpsTrafficOnly": "[parameters('supportsHttpsTrafficOnly')]",
                "allowBlobPublicAccess": "[parameters('allowBlobPublicAccess')]",
                "allowSharedKeyAccess": "[parameters('allowSharedKeyAccess')]",
                "allowCrossTenantReplication": "[parameters('allowCrossTenantReplication')]",
                "defaultToOAuthAuthentication": "[parameters('defaultOAuth')]",
                "networkAcls": {
                    "bypass": "[parameters('networkAclsBypass')]",
                    "defaultAction": "[parameters('networkAclsDefaultAction')]",
                    "ipRules": []
                },
                "isHnsEnabled": "[parameters('isHnsEnabled')]",
                "isSftpEnabled": "[parameters('isSftpEnabled')]",
                "encryption": {
                    "keySource": "[parameters('keySource')]",
                    "services": {
                        "blob": {
                            "enabled": "[parameters('encryptionEnabled')]"
                        },
                        "file": {
                            "enabled": "[parameters('encryptionEnabled')]"
                        },
                        "table": {
                            "enabled": "[parameters('encryptionEnabled')]"
                        },
                        "queue": {
                            "enabled": "[parameters('encryptionEnabled')]"
                        }
                    },
                    "requireInfrastructureEncryption": "[parameters('infrastructureEncryptionEnabled')]"
                }
            },
            "dependsOn": [],
            "sku": {
                "name": "[parameters('accountType')]"
            },
            "kind": "[parameters('kind')]",
            "tags": {}
        },
        {
            "name": "[concat(parameters('storageAccountName'), '/default')]",
            "type": "Microsoft.Storage/storageAccounts/blobServices",
            "apiVersion": "2021-08-01",
            "properties": {
                "deleteRetentionPolicy": {
                    "enabled": "[parameters('isBlobSoftDeleteEnabled')]",
                    "days": "[parameters('blobSoftDeleteRetentionDays')]"
                },
                "containerDeleteRetentionPolicy": {
                    "enabled": "[parameters('isContainerSoftDeleteEnabled')]",
                    "days": "[parameters('containerSoftDeleteRetentionDays')]"
                }
            },
            "dependsOn": [
                "[concat('Microsoft.Storage/storageAccounts/', parameters('storageAccountName'))]"
            ]
        },
        {
            "name": "[concat(parameters('storageAccountName'), '/default')]",
            "type": "Microsoft.Storage/storageAccounts/fileservices",
            "apiVersion": "2021-08-01",
            "properties": {
                "shareDeleteRetentionPolicy": {
                    "enabled": "[parameters('isShareSoftDeleteEnabled')]",
                    "days": "[parameters('shareSoftDeleteRetentionDays')]"
                }
            },
            "dependsOn": [
                "[concat('Microsoft.Storage/storageAccounts/', parameters('storageAccountName'))]",
                "[concat(concat('Microsoft.Storage/storageAccounts/', parameters('storageAccountName')), '/blobServices/default')]"
            ]
        }
    ],
    "outputs": {}
}